Code,Name,Top Playlist ID
AA,Global,37i9dQZEVXbMDoHDwVN2tF
AD,Andorra,
AE,United Arab Emirates,37i9dQZEVXbM4UZuIrvHvA
AG,Antigua and Barbuda,
AL,Albania,7CfHr38WwpyBO2TAh3Jww6
AM,Armenia,
AO,Angola,
AR,Argentina,37i9dQZEVXbMMy2roB9myp
AT,Austria,37i9dQZEVXbKNHh6NIXu36
AU,Australia,37i9dQZEVXbJPcfkRz0wJ0
AZ,Azerbaijan,
BA,Bosnia and Herzegovina,
BB,Barbados,
BD,Bangladesh,
BE,Belgium,37i9dQZEVXbJNSeeHswcKB
BF,Burkina Faso,
BG,Bulgaria,37i9dQZEVXbNfM2w2mq1B8
BH,Bahrain,
BI,Burundi,
BJ,Benin,
BN,Brunei Darussalam,
BO,Bolivia,37i9dQZEVXbJqfMFK4d691
BR,Brazil,37i9dQZEVXbMXbN3EUUhlg
BS,Bahamas,
BT,Bhutan,
BW,Botswana,
BY,Belarus,37i9dQZEVXbIYfjSLbWr4V
BZ,Belize,
CA,Canada,37i9dQZEVXbKj23U1GF4IR
CD,Congo,
CG,Congo,
CH,Switzerland,37i9dQZEVXbJiyhoAPEfMK
CI,Ivory Coast,
CL,Chile,37i9dQZEVXbL0GavIqMTeb
CM,Cameroon,
CO,Colombia,37i9dQZEVXbOa2lmxNORXQ
CR,Costa Rica,37i9dQZEVXbMZAjGMynsQX
CV,Cabo Verde,
CW,Curaçao,
CY,Cyprus,
CZ,Czechia,37i9dQZEVXbIP3c3fqVrJY
DE,Germany,37i9dQZEVXbJiZcmkrIHGU
DJ,Djibouti,
DK,Denmark,37i9dQZEVXbL3J0k32lWnN
DM,Dominica,
DO,Dominican Republic,37i9dQZEVXbKAbrMR8uuf7
DZ,Algeria,
EC,Ecuador,37i9dQZEVXbJlM6nvL1nD1
EE,Estonia,37i9dQZEVXbLesry2Qw2xS
EG,Egypt,37i9dQZEVXbLn7RQmT5Xv2
ES,Spain,37i9dQZEVXbNFJfN1Vw8d9
ET,Ethiopia,
FI,Finland,37i9dQZEVXbMxcczTSoGwZ
FJ,Fiji,
FM,Micronesia,
FR,France,37i9dQZEVXbIPWwFssbupI
GA,Gabon,
GB,United Kingdom,37i9dQZEVXbLnolsZ8PSNw
GD,Grenada,
GE,Georgia,
GH,Ghana,
GM,Gambia,
GN,Guinea,
GQ,Equatorial Guinea,
GR,Greece,37i9dQZEVXbJqdarpmTJDL
GT,Guatemala,37i9dQZEVXbLy5tBFyQvd4
GW,Guinea-Bissau,
GY,Guyana,
HK,Hong Kong,37i9dQZEVXbLwpL8TjsxOG
HN,Honduras,37i9dQZEVXbJp9wcIM9Eo5
HR,Croatia,
HT,Haiti,
HU,Hungary,37i9dQZEVXbNHwMxAkvmF8
ID,Indonesia,37i9dQZEVXbObFQZ3JLcXt
IE,Ireland,37i9dQZEVXbKM896FDX8L1
IL,Israel,37i9dQZEVXbJ6IpvItkve3
IN,India,37i9dQZEVXbLZ52XmnySJg
IQ,Iraq,
IS,Iceland,37i9dQZEVXbKMzVsSGQ49S
IT,Italy,37i9dQZEVXbIQnj7RRhdSX
JM,Jamaica,
JO,Jordan,
JP,Japan,37i9dQZEVXbKXQ4mDTEBXq
KE,Kenya,
KG,Kyrgyzstan,
KH,Cambodia,
KI,Kiribati,
KM,Comoros,
KN,Saint Kitts and Nevis,
KR,South Korea,37i9dQZEVXbNxXF4SkHj9F
KW,Kuwait,
KZ,Kazakhstan,37i9dQZEVXbM472oKPNKzS
LA,Laos,
LB,Lebanon,
LC,Saint Lucia,
LI,Liechtenstein,
LK,Sri Lanka,
LR,Liberia,
LS,Lesotho,
LT,Lithuania,37i9dQZEVXbMx56Rdq5lwc
LU,Luxembourg,37i9dQZEVXbKGcyg6TFGx6
LV,Latvia,37i9dQZEVXbJWuzDrTxbKS
LY,Libya,
MA,Morocco,37i9dQZEVXbJU9eQpX8gPT
MC,Monaco,
MD,Moldova,
ME,Montenegro,
MG,Madagascar,
MH,Marshall Islands,
MK,North Macedonia,
ML,Mali,
MN,Mongolia,
MO,Macao,
MR,Mauritania,
MT,Malta,
MU,Mauritius,
MV,Maldives,
MW,Malawi,
MX,Mexico,37i9dQZEVXbO3qyFxbkOE1
MY,Malaysia,37i9dQZEVXbJlfUljuZExa
MZ,Mozambique,
NA,Namibia,
NE,Niger,
NG,Nigeria,37i9dQZEVXbKY7jLzlJ11V
NI,Nicaragua,37i9dQZEVXbISk8kxnzfCq
NL,Netherlands,37i9dQZEVXbKCF6dqVpDkS
NO,Norway,37i9dQZEVXbJvfa0Yxg7E7
NP,Nepal,
NR,Nauru,
NZ,New Zealand,37i9dQZEVXbM8SIrkERIYl
OM,Oman,
PA,Panama,37i9dQZEVXbKypXHVwk1f0
PE,Peru,37i9dQZEVXbJfdy5b0KP7W
PG,Papua New Guinea,
PH,Philippines,37i9dQZEVXbNBz9cRCSFkY
PK,Pakistan,37i9dQZEVXbJkgIdfsJyTw
PL,Poland,37i9dQZEVXbN6itCcaL3Tt
PR,Puerto Rico,3NJmFR02JQRYIB7COYckSR
PS,Palestine,
PT,Portugal,37i9dQZEVXbKyJS56d1pgi
PW,Palau,
PY,Paraguay,37i9dQZEVXbNOUPGj7tW6T
QA,Qatar,
RO,Romania,37i9dQZEVXbNZbJ6TZelCq
RS,Serbia,
RW,Rwanda,
SA,Saudi Arabia,37i9dQZEVXbLrQBcXqUtaC
SB,Solomon Islands,
SC,Seychelles,
SE,Sweden,37i9dQZEVXbLoATJ81JYXz
SG,Singapore,37i9dQZEVXbK4gjvS1FjPY
SI,Slovenia,
SK,Slovakia,37i9dQZEVXbKIVTPX9a2Sb
SL,Sierra Leone,
SM,San Marino,
SN,Senegal,
SR,Suriname,
ST,Sao Tome and Principe,
SV,El Salvador,37i9dQZEVXbLxoIml4MYkT
SZ,Eswatini,
TD,Chad,
TG,Togo,
TH,Thailand,37i9dQZEVXbMnz8KIWsvf9
TJ,Tajikistan,
TL,Timor-Leste,
TN,Tunisia,
TO,Tonga,
TR,Türkiye,37i9dQZEVXbIVYVBNw9D5K
TT,Trinidad and Tobago,
TV,Tuvalu,
TW,Taiwan,37i9dQZEVXbMnZEatlMSiu
TZ,Tanzania,
UA,Ukraine,37i9dQZEVXbKkidEfWYRuD
UG,Uganda,
US,United States of America,37i9dQZEVXbLRQDuF5jeBp
UY,Uruguay,37i9dQZEVXbMJJi3wgRbAy
UZ,Uzbekistan,
VC,Saint Vincent and the Grenadines,
VE,Venezuela,37i9dQZEVXbNLrliB10ZnX
VN,Vietnam,37i9dQZEVXbLdGSmz6xilI
VU,Vanuatu,
WS,Samoa,
XK,Kosovo,
ZA,South Africa,37i9dQZEVXbMH2jvi6jvjk
ZM,Zambia,
ZW,Zimbabwe,